{
  "data": {
    "angleX": -90,
    "angleY": -50,
    "angleZ": 0,
    "fov": 1250,
    "viewer_distance": 3000,
    "spine_width": 300,
    "spine_length": 1500,
    "box_width": 1000,
    "box_length": 1500
  },
  "Spine": [
    [
      70.9341725263709,
      78.80208795259057
    ],
    [
      220.51709170742606,
      18.635041268309465
    ],
    [
      220.51709170742618,
      1481.3649587316904
    ],
    [
      70.9341725263709,
      1421.1979120474093
    ]
  ],
  "Frontbox": [
    [
      220.51709170742606,
      18.635041268309465
    ],
    [
      873.8049946267521,
      165.24792737825396
    ],
    [
      873.8049946267521,
      1334.752072621746
    ],
    [
      220.51709170742618,
      1481.3649587316904
    ]
  ],
  "Flyer": [
    [
      252.87594445979724,
      132.09887130235836
    ],
    [
      852.7430389085794,
      246.9780380284265
    ],
    [
      852.7430389085795,
      1308.0399890622143
    ],
    [
      252.87594445979732,
      1435.484064648946
    ]
  ],
  "Clearlogo": [
    [
      89.440798315709,
      940.0197237067456
    ],
    [
      199.04154117860895,
      952.3635050261555
    ],
    [
      199.041541178609,
      1434.1813741360495
    ],
    [
      89.44079831570906,
      1392.447637294235
    ]
  ],
  "Clearlogo_MAME": [
    [
      89.440798315709,
      107.55236270576495
    ],
    [
      199.0415411786089,
      65.8186258639505
    ],
    [
      199.04154117860895,
      547.6364949738445
    ],
    [
      89.440798315709,
      559.9802762932545
    ]
  ],
  "Front_Title": [
    [
      252.87594445979724,
      64.51593535105383
    ],
    [
      852.7430389085794,
      191.96001093778568
    ],
    [
      852.7430389085794,
      239.11831987262065
    ],
    [
      252.87594445979724,
      122.44416616645765
    ]
  ]
}