{
  "data" : {
    "angleX" : -90,
    "angleY" : -50,
    "angleZ" : 0,
    "fov" : 1200,
    "viewer_distance" : 3000,
    "spine_width" : 300,
    "spine_length" : 1500,
    "box_width" : 1000,
    "box_length" : 1500
  },
  "Spine": [
    [
      88.09680562531605,
      105.65000443448685
    ],
    [
      231.69640803912898,
      47.88963961757702
    ],
    [
      231.6964080391291,
      1452.110360382423
    ],
    [
      88.09680562531605,
      1394.3499955655132
    ]
  ],
  "Frontbox": [
    [
      231.69640803912898,
      47.88963961757702
    ],
    [
      858.852794841682,
      188.63801028312378
    ],
    [
      858.852794841682,
      1311.3619897168762
    ],
    [
      231.6964080391291,
      1452.110360382423
    ]
  ],
  "Flyer": [
    [
      262.76090668140534,
      156.81491645026404
    ],
    [
      838.6333173522362,
      267.0989165072894
    ],
    [
      838.6333173522363,
      1285.7183894997258
    ],
    [
      262.76090668140546,
      1408.0647020629885
    ]
  ],
  "Clearlogo": [
    [
      105.86316638308068,
      932.4189347584758
    ],
    [
      211.0798795314646,
      944.2689648251093
    ],
    [
      211.07987953146466,
      1406.8141191706075
    ],
    [
      105.86316638308074,
      1366.7497318024657
    ]
  ],
  "Clearlogo_MAME": [
    [
      105.86316638308068,
      133.2502681975344
    ],
    [
      211.07987953146454,
      93.18588082939243
    ],
    [
      211.0798795314646,
      555.7310351748908
    ],
    [
      105.86316638308068,
      567.5810652415242
    ]
  ],
  "Front_Title": [
    [
      262.76090668140534,
      91.93529793701157
    ],
    [
      838.6333173522362,
      214.28161050027416
    ],
    [
      838.6333173522362,
      259.5535870777158
    ],
    [
      262.76090668140534,
      147.54639951979937
    ]
  ]
}